1,vbeinke0@usa.gov,JeLQM3h,7/9/2020
2,bmattiacci1@npr.org,BTcmUud,18/4/2020
3,croderigo2@ow.ly,KB7XAkzGpD,18/10/2020
4,carton3@reddit.com,5xNdDGbD,15/1/2021
5,opizzey4@printfriendly.com,rIjZIj,16/3/2021
6,lwackley5@google.nl,1bwtXTKft,20/11/2020
7,bpettecrew6@amazon.de,bDhAjrmqK,9/2/2021
8,ashrimptone7@ucoz.com,s21Hdb0dDXk,4/12/2020
9,rkemwal8@ucsd.edu,2kY45qrNxH,25/11/2020
10,tmerioth9@istockphoto.com,MCnXKvYBUv,14/7/2020
11,akippaxa@sbwire.com,qcOsgJ0Nmlx,6/9/2020
12,hperellib@spotify.com,bWjD1C,11/4/2020
13,edunderdalec@shareasale.com,C0Sz9IShSmp,16/3/2021
14,hlilburned@opensource.org,8BE1FcN,16/7/2020
15,tjudkine@etsy.com,bVD9sii42,18/2/2021
16,ahaddowf@webmd.com,mD5rByPb,25/2/2021
17,sleifg@yellowbook.com,qnEWiUcyYw,25/5/2020
18,carenth@github.com,ewE8yZE,28/1/2021
19,egagiei@google.co.uk,KL3IV79,7/7/2020
20,mgludorj@smugmug.com,GIvMMpMTPUX,8/12/2020
21,fabellsk@cornell.edu,kSieid5,5/1/2021
22,smacknightl@mysql.com,Za2CWMY,5/11/2020
23,gsummerladm@admin.ch,aLYOsL7,18/1/2021
24,mwemmn@oracle.com,IhN9Emx,6/1/2021
25,tstatherso@usatoday.com,kKuE7vbQcBSN,29/6/2020
26,ledensp@theglobeandmail.com,cmtcGAjO,17/10/2020
27,bmytonq@4shared.com,age8iHBe9D,18/9/2020
28,jboolr@deliciousdays.com,BKvVrLq5BMf,1/12/2020
29,reglins@sfgate.com,o0W3bbLMC,27/8/2020
30,mcordt@msn.com,yObUDK,23/5/2020
31,rmerrettu@angelfire.com,bauSG4QucZ,25/1/2021
32,vardleyv@theatlantic.com,DVutOZpNNq9,4/3/2021
33,mwincottw@bigcartel.com,rSPntweH64UZ,19/11/2020
34,kwitterickx@omniture.com,2dGrDvY,11/1/2021
35,rchermy@typepad.com,sYDizp,15/12/2020
36,ocoanz@symantec.com,hXsSOlX,26/4/2020
37,kputtrell10@unicef.org,U1xCrsim7,2/2/2021
38,hhawtry11@prlog.org,3HMnSf,19/2/2021
39,ltomney12@narod.ru,Cv6Q5uTkf7G,24/6/2020
40,dloyndon13@github.com,WUq6xL4Pgx,14/2/2021
41,mtidey14@economist.com,Fi8oUtG334,1/10/2020
42,dvakhlov15@pagesperso-orange.fr,ot7EZHji,22/7/2020
43,swaycott16@si.edu,WldXE4Ny1U,13/9/2020
44,rfiddler17@addtoany.com,2Do5nxX1z5LE,20/1/2021
45,peymor18@diigo.com,oCWckUBmXt,25/7/2020
46,spalffrey19@kickstarter.com,KriJAg6vq,5/8/2020
47,hmaneylaws1a@is.gd,N4wBlgz,20/10/2020
48,fcrosson1b@blogger.com,vKv31KQ,15/7/2020
49,amackleden1c@bloglovin.com,yDaX6d9j,9/9/2020
50,ckempe1d@sourceforge.net,DzeZLkg7vy9o,21/9/2020
51,jfehely1e@biblegateway.com,RJkmjQ,1/12/2020
52,ghagerty1f@eventbrite.com,W5hxA2Lv0,23/7/2020
53,pfishbourne1g@slideshare.net,yZx5E9i9j9,17/7/2020
54,nmitchener1h@amazon.com,wkMh4Gga4ka,13/9/2020
55,ihigounet1i@lulu.com,1BcRsn37R7,14/4/2020
56,ddabling1j@washington.edu,EkeEYMS8DWw,17/5/2020
57,reastabrook1k@prnewswire.com,YRnFKyjydPI3,4/10/2020
58,gfussie1l@imgur.com,d7aZIUVqPN1,14/5/2020
59,cbreakspear1m@dell.com,HTydzi,8/7/2020
60,ecutbush1n@nytimes.com,JfLTERVp8Z,12/8/2020
61,smcdermid1o@wp.com,GlPZLGPrpyM,17/6/2020
62,rsennett1p@altervista.org,iIW5Mpw,2/8/2020
63,dbolter1q@aboutads.info,FkVH6pDgPemg,6/5/2020
64,dbrunet1r@spotify.com,BKONdOm7k,1/4/2020
65,sescolme1s@va.gov,9w9gkNagQ4q,11/10/2020
66,hsmidmor1t@naver.com,EsD3tt,6/2/2021
67,bdodshon1u@clickbank.net,ZFzwcOkYwBCD,26/7/2020
68,amulder1v@time.com,RLC4wsJ,15/7/2020
69,gmccaughey1w@cmu.edu,rHidp2kD,17/3/2021
70,dmcgirr1x@artisteer.com,30MxEueXk,2/8/2020
71,fcammock1y@princeton.edu,AAw6a0,9/5/2020
72,hmeigh1z@wikia.com,F1CeDU7,22/10/2020
73,bscrange20@bloglovin.com,zoXq7Xj8p,13/10/2020
74,cparadis21@ebay.co.uk,8W7u1wNNT7H2,18/1/2021
75,jjoan22@homestead.com,vo30dEWe50,23/9/2020
76,splacidi23@ask.com,6tO21s,28/7/2020
77,gshalliker24@businesswire.com,Ro5oZpybJR,10/9/2020
78,fbonnefin25@dailymotion.com,ROWWpCfDwQ1,17/9/2020
79,rtrevaskus26@hostgator.com,OAmtmmzmit,3/4/2020
80,qwilloughby27@51.la,K25PWmDbKm,17/11/2020
81,kholtum28@goo.gl,DYVMXGx,26/1/2021
82,tkosel29@diigo.com,16d2XgOv,11/7/2020
83,ameigh2a@w3.org,mKrxeXzeBqEp,23/10/2020
84,cdizlie2b@wordpress.org,fcMPP9I,5/8/2020
85,rwitterick2c@about.com,FJ7aeBAXmq,22/8/2020
86,gwitherby2d@seesaa.net,6AQQ4Q,10/6/2020
87,acaillou2e@oracle.com,WTwXJxcBef,9/8/2020
88,acribbin2f@squidoo.com,NMdxAXB4YBAR,21/6/2020
89,ldyers2g@purevolume.com,Ti1E1Z,30/8/2020
90,mpitkin2h@trellian.com,f4ENdWdu1CTf,18/9/2020
91,wtopper2i@ucoz.ru,xpCpaTe,7/12/2020
92,kcongreve2j@usda.gov,MseF48y,1/12/2020
93,haitken2k@earthlink.net,l6e6SQKxoXnU,2/3/2021
94,dverbrugge2l@usa.gov,7MHZrKARbw,30/7/2020
95,dwrought2m@technorati.com,Orn0vd3dh,25/4/2020
96,sedgley2n@pen.io,g8eDJ9,16/3/2021
97,gcusty2o@patch.com,IJbSDD,17/5/2020
98,jcookman2p@amazonaws.com,Z3Fbq4H,14/7/2020
99,aipsley2q@com.com,7n5WhgIYYY,21/5/2020
100,tscoone2r@icq.com,Fs5jgR,10/11/2020
101,mhoys2s@dagondesign.com,Z0Ui6q2RrR,11/2/2021
102,tcatterick2t@cornell.edu,v6GywP,27/9/2020
103,rlosty2u@netlog.com,cwCYbJ,29/3/2020
104,sverissimo2v@nbcnews.com,TmV9nHkhWJ,24/9/2020
105,tmulderrig2w@livejournal.com,zYNMqzLbN,1/9/2020
106,mliptrod2x@geocities.jp,sqICfp,11/3/2021
107,gdunridge2y@woothemes.com,9F0nxuczJoZ,20/5/2020
108,rvarrow2z@linkedin.com,um8Edy,16/4/2020
109,jcringle30@symantec.com,OPya6iYmDv,6/6/2020
110,fgavagan31@ask.com,Vml5vp,26/4/2020
111,cdonnison32@bizjournals.com,CUUqE3,31/1/2021
112,lolivie33@opensource.org,a4NAcqcgV,18/3/2021
113,mbramstom34@hugedomains.com,QA0IHVBz9,13/6/2020
114,wgrundell35@simplemachines.org,yz8EGup,9/2/2021
115,hwheelhouse36@apache.org,4HsTuOI,13/1/2021
116,cfrank37@squarespace.com,hY5SI3W2pC,18/3/2021
117,weadington38@marketwatch.com,iISZ0qjK,12/6/2020
118,cblundell39@spotify.com,K3GSAt8KVb,5/10/2020
119,zkibbee3a@biblegateway.com,NLuzjbkWuwaG,30/9/2020
120,cstilgo3b@g.co,qeQmlwOw,16/9/2020
121,jdenkin3c@patch.com,g91tAM,1/5/2020
122,mleindecker3d@craigslist.org,Q1QZvVts,7/6/2020
123,rhalliday3e@exblog.jp,hJFzvzSHr,7/7/2020
124,eabrahamowitcz3f@bluehost.com,Exq9rZT,5/9/2020
125,gmacgraith3g@geocities.com,MnnbFTym3hxH,8/8/2020
126,ogronow3h@google.cn,3yjKKVG,25/4/2020
127,sbickerton3i@ameblo.jp,HtsyIK,1/11/2020
128,mdunster3j@unc.edu,e9bdI4E,12/10/2020
129,eosan3k@addtoany.com,xabrXLUkB,5/10/2020
130,horuane3l@ask.com,ezQ1kGzaeUYT,1/4/2020
131,nlauritzen3m@stumbleupon.com,R1hErmHdF,19/2/2021
132,jhinrichs3n@google.it,FBWbs7r,21/2/2021
133,mdemann3o@unicef.org,ytlp6nWaY,11/1/2021
134,pstolberg3p@delicious.com,Fm7YNi,29/3/2020
135,ttheml3q@webeden.co.uk,CpV2Ag,25/11/2020
136,nclemenzo3r@wsj.com,a2FKTRLgn,16/2/2021
137,cmercik3s@bandcamp.com,zobuv5t,27/4/2020
138,mmcfaul3t@hp.com,7fRAvM2,26/1/2021
139,egagan3u@cbslocal.com,lFs4PRlhh,16/8/2020
140,cjouen3v@goodreads.com,bfcCjjLBT,7/4/2020
141,hcowlam3w@ucsd.edu,kcnXKxb6EH,27/2/2021
142,tscoles3x@ustream.tv,poBNwWeA,30/12/2020
143,sfranzewitch3y@baidu.com,AxiLdScGxWCl,8/6/2020
144,bmaryon3z@163.com,WHqRzR,16/4/2020
145,oboller40@ed.gov,G4CDXpK,4/3/2021
146,lingolotti41@tiny.cc,qdhoowVnD,4/12/2020
147,bwhitman42@samsung.com,CTXA5g,23/1/2021
148,rnanelli43@gizmodo.com,DHKnNL83,20/11/2020
149,ldanby44@theguardian.com,j5nzGSnJjR,7/11/2020
150,bcolebeck45@netscape.com,4mb6c0c9Yy,5/6/2020
151,djanzen46@npr.org,t8DqupKQTY,9/2/2021
152,asaylor47@merriam-webster.com,2hZt0OgyNQ17,24/8/2020
153,jbayston48@geocities.com,X2nFGU,18/2/2021
154,vdusting49@exblog.jp,9rfUQJte32jb,6/10/2020
155,kstrond4a@amazonaws.com,Mgdxvr6Myb,24/3/2021
156,bpringley4b@chronoengine.com,sU9nguSdyAB,31/3/2020
157,mcaps4c@bandcamp.com,722ywkJOEM,19/10/2020
158,srosenblad4d@xrea.com,acLBrlu,10/4/2020
159,sgoodboddy4e@bandcamp.com,2N8Vyu3,12/9/2020
160,kgeroldi4f@ox.ac.uk,wXxf3D7sH6,9/8/2020
161,ecochet4g@sfgate.com,Fku9jP604,11/10/2020
162,cbjerkan4h@hp.com,UfJUuXu,19/1/2021
163,ssebire4i@networkadvertising.org,51mO0pI,9/11/2020
164,chenrique4j@wordpress.com,7sfhlo,20/2/2021
165,valexandre4k@auda.org.au,BWHes5l,23/6/2020
166,alange4l@edublogs.org,A8TffE26dn,25/9/2020
167,adurrand4m@mayoclinic.com,pIT5MaHHd3g8,12/5/2020
168,nsnowding4n@fastcompany.com,ZJ24nevlq,24/12/2020
169,klamy4o@drupal.org,GLTnvJoEZx,24/6/2020
170,bdall4p@nba.com,FqGgvV,31/3/2020
171,avanyutin4q@dion.ne.jp,PllrM4FU2z7,8/6/2020
172,pjagger4r@51.la,yEoGQd,15/3/2021
173,tvelden4s@bluehost.com,h6OSz1,18/7/2020
174,asouthouse4t@aol.com,yH0bMu9y9lD,30/3/2020
175,arosewell4u@slashdot.org,vSeq9Ktq,22/3/2021
176,civanenkov4v@wunderground.com,XtufUVUMiSMu,21/1/2021
177,deubank4w@plala.or.jp,6NAsJhpw,12/8/2020
178,rsabater4x@wufoo.com,u4kRSnp,2/1/2021
179,alaurand4y@devhub.com,EkLSHhyG,25/10/2020
180,gloosely4z@diigo.com,0KHXpjoXnVW4,17/1/2021
181,mmars50@storify.com,QzO8oODbo,2/5/2020
182,tmcgreary51@zimbio.com,ZkQn4X9k7U0L,8/3/2021
183,gmendus52@gmpg.org,TVD3AXQv456c,29/4/2020
184,dhastwell53@oracle.com,9LgGFm9Pk,14/9/2020
185,iluthwood54@statcounter.com,Bnx3pkdC,24/12/2020
186,alecointe55@indiatimes.com,3eWkWlTMSv,18/3/2021
187,pdarville56@zimbio.com,N0uBz7G7Q4,30/4/2020
188,lsunners57@vk.com,I7qYxFRK4,12/11/2020
189,lmcboyle58@wisc.edu,WjuHdazTWh,14/4/2020
190,mtchir59@networksolutions.com,KYvJ860T7o,18/6/2020
191,cgregoli5a@ustream.tv,kUjMQgVfM6K,2/10/2020
192,sszwarc5b@techcrunch.com,U6O2ErhPX17,13/4/2020
193,sfearnsides5c@infoseek.co.jp,1iGLsNIaSq4R,9/6/2020
194,bmaude5d@godaddy.com,nYEr609Y,15/8/2020
195,ofenn5e@fotki.com,NjB0ZTNprJpg,13/3/2021
196,tdiplock5f@economist.com,dHLRYWBt19T,29/8/2020
197,kblackster5g@huffingtonpost.com,xTT2bz,22/4/2020
198,bgaish5h@tumblr.com,qCU1OLK,22/11/2020
199,tbruhnke5i@springer.com,y2yllj,9/10/2020
200,mpaddefield5j@marketwatch.com,LMIwSuDaPJLc,3/3/2021
201,devers5k@uiuc.edu,VEKoCl61W,12/5/2020
202,amattielli5l@mysql.com,sOzFC5V,20/8/2020
203,kfendlow5m@clickbank.net,h9isCe,18/6/2020
204,areynoldson5n@umn.edu,rZsY8KDKgs,6/9/2020
205,fmarrion5o@simplemachines.org,Ta1ZLeJRc,13/9/2020
206,cfedoronko5p@topsy.com,WHSwiy,10/2/2021
207,tfalconer5q@exblog.jp,gDnRnaWM,28/2/2021
208,mtarbet5r@amazon.com,bpPcPZ7,13/2/2021
209,lkillimister5s@canalblog.com,cagY4fQ,11/4/2020
210,tjellings5t@jigsy.com,TqfwG6I,30/8/2020
211,mmckew5u@parallels.com,yVz4uoO,4/12/2020
212,ashinfield5v@nyu.edu,hF9KuVLQ00hl,11/7/2020
213,lyoules5w@phpbb.com,DaYTTbyo,3/11/2020
214,dstonnell5x@howstuffworks.com,xEdVezQyUiM,29/3/2020
215,cfallis5y@un.org,MZLJ5g,16/8/2020
216,pegglestone5z@multiply.com,bquIxLzeh5T,24/12/2020
217,mboleyn60@reverbnation.com,0sClr86,8/3/2021
218,nmateev61@blogtalkradio.com,tsaSINYEcb,1/8/2020
219,srhys62@walmart.com,xtXL9rzU3Pua,3/2/2021
220,abodimeade63@seesaa.net,UtWKBhsC2Ly3,20/12/2020
221,adykins64@gov.uk,pzfF6bk,11/4/2020
222,adidball65@google.ca,zSqlskTJfK0,24/9/2020
223,sklimochkin66@accuweather.com,tEBy8SHjdG,27/10/2020
224,rchadney67@princeton.edu,J9KWkTX,13/10/2020
225,csleite68@smugmug.com,gxFa6Am31,13/3/2021
226,erockell69@skype.com,3yLOMDni,1/4/2020
227,wrainon6a@baidu.com,0BnRS3uvV4,13/10/2020
228,mkikke6b@stanford.edu,flkPWRCW1Tyf,7/11/2020
229,klount6c@gizmodo.com,aYlkeEoFn,7/12/2020
230,abernardy6d@parallels.com,5qdWx8,13/8/2020
231,abickerdicke6e@ameblo.jp,sWMEdjKAiK,13/4/2020
232,dloughran6f@sciencedaily.com,MdoKcEy,24/2/2021
233,pcheatle6g@timesonline.co.uk,Myb7nFc,22/9/2020
234,bpitkaithly6h@hao123.com,5C86Y5ZWey7,16/5/2020
235,ttuffell6i@arizona.edu,YlERl8KMOV,4/10/2020
236,mkliemke6j@engadget.com,LvshgcfS7,22/4/2020
237,ewitherop6k@wikimedia.org,yt82mIQmDHx8,17/4/2020
238,memmanuel6l@ameblo.jp,qIZomz,3/9/2020
239,whaking6m@nyu.edu,irKCtwAOJosY,30/7/2020
240,nelcox6n@istockphoto.com,xQEih9ngsW,26/6/2020
241,npreddy6o@wiley.com,qbLtJVaX03m,26/1/2021
242,lbuckwell6p@sourceforge.net,XeVTs3,29/11/2020
243,aixor6q@bluehost.com,19clTKli,30/7/2020
244,aformoy6r@samsung.com,ZyigluE8u,25/11/2020
245,tfuzzard6s@dropbox.com,svIvLkQDn6a,20/3/2021
246,dangel6t@squarespace.com,Zku2y0y71,24/3/2021
247,ainworth6u@google.com.hk,jr6eayWLCjhn,28/4/2020
248,lcastanares6v@moonfruit.com,BY7N8EyE,14/12/2020
249,jelderkin6w@etsy.com,L2OHfEVSO,18/12/2020
250,sbraznell6x@vk.com,bcGqF90LNNc,20/4/2020
251,sminci6y@dropbox.com,YCeEYZy,13/10/2020
252,bdibartolommeo6z@wikimedia.org,S0fVBl6,26/4/2020
253,ascragg70@e-recht24.de,eWdF0gNUcv,25/5/2020
254,qitzhak71@hhs.gov,yxADx60,3/2/2021
255,dstewart72@wp.com,bxN7vO6YspCh,16/7/2020
256,hdrinan73@cbc.ca,ZCXAT4pbL0,7/1/2021
257,sraoult74@nydailynews.com,OswH9MmmmyLr,23/8/2020
258,knewbury75@e-recht24.de,0aEuqonXOgnO,17/12/2020
259,astiles76@businessweek.com,NCnExRbF,22/8/2020
260,kstuckford77@go.com,bpVyqpFaZi,21/3/2021
261,agreensides78@is.gd,ZEhs9FeAbrN,16/8/2020
262,amorena79@example.com,mjJnJp4,4/5/2020
263,lredfield7a@edublogs.org,Er0a6rCpMvKn,25/9/2020
264,hvan7b@wikia.com,6dINMM,16/10/2020
265,nmoret7c@nbcnews.com,v5BMoSsmj,16/12/2020
266,wnano7d@51.la,dgt6A4Ww,4/4/2020
267,csillick7e@adobe.com,IcK7IyFFBfvc,6/10/2020
268,kbazek7f@myspace.com,nfz1hl528Ne,17/2/2021
269,nwoolaghan7g@nba.com,bUOtCMZ8UP,21/5/2020
270,solliff7h@nasa.gov,ZvhDPUfyz,29/10/2020
271,elerhinan7i@tinyurl.com,FxHBBIF,29/3/2020
272,dnisbith7j@apple.com,FnNHn8wzy6RR,9/12/2020
273,athowes7k@godaddy.com,AYOoB6J2A,12/2/2021
274,sfautley7l@vinaora.com,hH5gU8DVgN5,21/11/2020
275,abaradel7m@tumblr.com,O0JBTlPuH6,8/10/2020
276,bamesbury7n@e-recht24.de,5SuX3scmnV,16/10/2020
277,agoodread7o@sfgate.com,cd8rRdHI19,17/1/2021
278,cscaice7p@independent.co.uk,KSBtWqAYq,29/5/2020
279,tludy7q@google.pl,gXojvWgj,26/11/2020
280,dfydo7r@dedecms.com,N06EcFGj06r,8/5/2020
281,rsouthern7s@freewebs.com,L954BmPQO,14/4/2020
282,lfrancomb7t@xing.com,dpuI0vD7BI,11/12/2020
283,fgeldeford7u@tripod.com,oVsCGn8,14/10/2020
284,jbliben7v@vk.com,m9chl6Fw5dZ,26/7/2020
285,hwardall7w@howstuffworks.com,3kVM0KMcaZL,6/5/2020
286,bcreffeild7x@gmpg.org,21JjLyA60g,12/6/2020
287,myouster7y@google.com.au,KHXt7K7uBV2u,16/5/2020
288,pwaywell7z@cnbc.com,5zhlqkMSA,30/6/2020
289,bfriary80@bigcartel.com,1N6ZJLCO,21/10/2020
290,dnatte81@eventbrite.com,WpOHCQHQBJ,29/1/2021
291,gsalman82@edublogs.org,UZzLA2Bj2,24/11/2020
292,dspincks83@kickstarter.com,9Zn1DGOYw,5/10/2020
293,dlightfoot84@newyorker.com,CpjkmdGI,1/3/2021
294,wspinnace85@berkeley.edu,bP49T7LXxOFF,3/11/2020
295,ekneafsey86@reverbnation.com,twFXLalk,31/10/2020
296,pclapham87@ed.gov,qYZ55kLE5xJ,8/1/2021
297,rmenguy88@blogs.com,IBcEwf82APht,6/11/2020
298,jlegrand89@1und1.de,L1fCmLaqaG,19/2/2021
299,imainwaring8a@elpais.com,PYPq6yZJGrm,22/9/2020
300,eabethell8b@chronoengine.com,3RB1klqj,7/6/2020
301,zgiacopazzi8c@technorati.com,5lIL6AF,18/1/2021
302,aklimentov8d@jugem.jp,IgxSEeXH,15/8/2020
303,scoon8e@jimdo.com,lIJfle,10/7/2020
304,tfoyster8f@ebay.co.uk,JlzH1ffVXAzD,20/1/2021
305,dlandal8g@rediff.com,9uCm4j,17/12/2020
306,rnerheny8h@flavors.me,TH6MbQ,11/6/2020
307,llougheed8i@taobao.com,hgGVRCPz,28/8/2020
308,dreah8j@theglobeandmail.com,7hn0Dy3FJ7H,5/8/2020
309,clapidus8k@cbslocal.com,5nUUhAy0u,24/2/2021
310,eelcum8l@netvibes.com,1DrOE7mBqK,8/7/2020
311,nsangwin8m@google.fr,q7zuQKa,8/1/2021
312,umebius8n@whitehouse.gov,lrmS9s,20/7/2020
313,aseadon8o@sun.com,R3sxJSRouNzP,10/8/2020
314,lafield8p@tripadvisor.com,7V1nKG,13/11/2020
315,fmclernon8q@cdbaby.com,dw3kfmb3T,2/3/2021
316,remmines8r@bloomberg.com,1TB2Uby4B,27/12/2020
317,sverrier8s@tripod.com,a1Ats4choFR,2/10/2020
318,kfacer8t@weebly.com,jqCKXE1j,24/4/2020
319,demanueli8u@discuz.net,WkU09D2,8/10/2020
320,dclappison8v@upenn.edu,3ax2dRipY,27/6/2020
321,mspeechley8w@wufoo.com,6mszW4uT,12/8/2020
322,rbentinck8x@ed.gov,BoZI0dT4M4,6/12/2020
323,tbuckthought8y@chicagotribune.com,puQzI8EbsLK,3/2/2021
324,gkundt8z@tamu.edu,VRsvEjm,12/7/2020
325,adoyland90@lulu.com,2QmQ1S0yWI,20/2/2021
326,tfoucar91@bloglovin.com,jfNheiXj90j,26/1/2021
327,rgibbins92@free.fr,J5uTAHK,15/8/2020
328,cbointon93@bbc.co.uk,DqRud0ptX1RA,14/1/2021
329,cgething94@noaa.gov,BLckU9E,20/11/2020
330,rmoorton95@tinyurl.com,zw0rZHHvFH,3/7/2020
331,lmalshinger96@hubpages.com,KNsINH2J,19/5/2020
332,hhallums97@jiathis.com,N5R86EaC,27/1/2021
333,amor98@ucsd.edu,WvX4lqCBwn3,6/10/2020
334,grewcassell99@msn.com,L477TpI,2/11/2020
335,dlutwyche9a@xrea.com,i1Ct5v,26/11/2020
336,fcobbin9b@foxnews.com,UaCCz0oGd,2/12/2020
337,nkestin9c@wsj.com,xHQsaOXTn,22/1/2021
338,emullarkey9d@guardian.co.uk,a8N0bqG1,16/11/2020
339,abulfit9e@youku.com,ijEdiuebqZR,11/12/2020
340,aniece9f@ca.gov,0GezV5PKJILk,26/2/2021
341,eshergold9g@hexun.com,3zXk8czRGc,13/6/2020
342,mpidgen9h@wordpress.org,5hv44Sho,26/3/2020
343,jlimb9i@mashable.com,TlSJP5X,13/11/2020
344,apodmore9j@moonfruit.com,MttSUBBV8s,6/7/2020
345,kwestwell9k@admin.ch,b0ypL1B9Lk4,11/1/2021
346,kbansal9l@shinystat.com,QoZvN20BUYI,21/8/2020
347,mwarre9m@tumblr.com,maEHm7U,11/6/2020
348,cmatissoff9n@spiegel.de,0OP5kGHgbUh,1/1/2021
349,cdorset9o@yolasite.com,w68l8qvimwdz,21/12/2020
350,rchessman9p@domainmarket.com,YtdEUXgjfK,5/4/2020
351,dfarndell9q@washingtonpost.com,YWhk67I2,28/11/2020
352,ttumilty9r@prlog.org,S2E04my,27/7/2020
353,spudan9s@foxnews.com,UsOo8fD,30/11/2020
354,rrangeley9t@wikipedia.org,k1r8wr,12/9/2020
355,kaffuso9u@quantcast.com,1vkSovQ3Ce2,19/6/2020
356,ldelafont9v@bizjournals.com,cF7Nf5aCvc,28/9/2020
357,alaurisch9w@earthlink.net,xJM9DkK6wsqV,25/6/2020
358,acoraini9x@tinypic.com,efDlSaapez,9/10/2020
359,rhinstridge9y@odnoklassniki.ru,4n90EC2E,18/9/2020
360,tkryzhov9z@skype.com,S0KlzSVLeTX,9/10/2020
361,cmellanbya0@edublogs.org,RtEvauEhdXBJ,14/5/2020
362,owinwooda1@amazon.co.jp,lozmKzV,14/10/2020
363,bmatea2@google.fr,sQ2giTEz,9/9/2020
364,csemorada3@lulu.com,rPxlwH9toW3,5/3/2021
365,mgirardya4@google.it,Yrsc7V,2/1/2021
366,kjaneka5@flickr.com,f6qLXSq,28/9/2020
367,odotterilla6@opera.com,OGBSceRrPpF,7/9/2020
368,egodthaaba7@opera.com,irSPGFiUDBuX,5/12/2020
369,khandricka8@hostgator.com,QGBgEAHJqUv,19/10/2020
370,pandrettia9@archive.org,he7KvY9ib,20/11/2020
371,pgamilaa@51.la,uJuJIuu,23/1/2021
372,dvenableab@bigcartel.com,hvZDy7,16/6/2020
373,jogavinac@lycos.com,iFblSo,27/11/2020
374,rwyldesad@sitemeter.com,KF1HPLHg0Wv,12/7/2020
375,vsummerleeae@oracle.com,6KHIs6Z1b,20/5/2020
376,wdavidowichaf@nih.gov,KECJELSR,20/8/2020
377,lpenelliag@xinhuanet.com,cbIGgTAH,25/6/2020
378,wbaldamah@indiatimes.com,OCVuQCo,17/4/2020
379,grookesbyai@deliciousdays.com,xSdtAvDI,22/10/2020
380,rlongmeadaj@washingtonpost.com,IyDbjjoB0T,5/11/2020
381,fhoofeak@lycos.com,jRjdtwxvZgP,14/12/2020
382,arewal@linkedin.com,A7wIzV6GcRT,13/5/2020
383,kfaneam@odnoklassniki.ru,AcwS28j,15/1/2021
384,mstakeran@msn.com,E09nuaUlv,9/1/2021
385,cbramichao@miitbeian.gov.cn,cwFcc5ND,11/11/2020
386,tbulleneap@ustream.tv,CGrKmwm,12/2/2021
387,ediscombeaq@samsung.com,UB4k7RVc,7/7/2020
388,tkuzmaar@nationalgeographic.com,VN7A7B,13/3/2021
389,csprakeas@hexun.com,CS3vWP3,23/5/2020
390,pvandenboschat@pinterest.com,ZU1EhI,19/1/2021
391,mlinehamau@abc.net.au,2m4nq2,24/2/2021
392,cblackmanav@fc2.com,D9Tk113mKs5P,8/11/2020
393,nmaaszeaw@constantcontact.com,i18W60f,19/11/2020
394,tcartmelax@yahoo.co.jp,WHEo4X075o9,19/3/2021
395,henstoneay@walmart.com,U7qIhH,21/5/2020
396,cseverwrightaz@google.cn,7puynu4muoS,18/10/2020
397,jstockingb0@guardian.co.uk,QWUZt9FcNNTE,1/4/2020
398,charriganb1@shop-pro.jp,OXhoDBftZTj,27/4/2020
399,sdenisovichb2@marriott.com,Nf7EzyDKG3ou,16/6/2020
400,oblaydonb3@symantec.com,igRgrm,10/4/2020
401,fbuttgowb4@qq.com,lnmx8Nsy,28/8/2020
402,jlutasb5@google.de,j3sKhKe5,13/12/2020
403,fbenedickb6@clickbank.net,TsMU0kh9,15/5/2020
404,lolivib7@nature.com,B4tHQzzk,2/3/2021
405,ssnookb8@blogtalkradio.com,hFTHoBCpkd3U,17/4/2020
406,abaudouxb9@ucoz.com,wmhTDDm,24/4/2020
407,raldwichba@last.fm,dzmGM9,30/9/2020
408,bbentbb@tamu.edu,UzxkxIdH,23/8/2020
409,jhamsherebc@gmpg.org,Mp5994TEacs,15/3/2021
410,mhinksbd@xrea.com,tZJNnI,1/7/2020
411,bmarfieldbe@who.int,ASsCbM31lEw,7/1/2021
412,aeardleybf@google.cn,6gHvmy,30/6/2020
413,aspilsburybg@oaic.gov.au,jPFkKQDOcAoy,28/1/2021
414,bnuddsbh@springer.com,xazjj3qNxz,16/8/2020
415,eperisbi@typepad.com,GxTj16n,3/8/2020
416,eferrariobj@archive.org,mbBuEad,24/7/2020
417,sdemarsbk@goo.gl,3MIihp9c,13/2/2021
418,nallnuttbl@walmart.com,kULZSeZng,22/2/2021
419,yheiferbm@thetimes.co.uk,PuzjC7t,26/10/2020
420,alalondebn@go.com,DtFnf1UVcGLf,17/2/2021
421,edaniellibo@prweb.com,DZQDwxpUkOD7,20/12/2020
422,rgibbybp@ustream.tv,318HlD,12/1/2021
423,aivanyushkinbq@topsy.com,AN960pQ0,28/1/2021
424,ldavidovicbr@marriott.com,Jar1uEV,21/9/2020
425,kfalcobs@reuters.com,AOsLvCTRWo,13/5/2020
426,hedysonbt@google.com,xCoCP8g,1/12/2020
427,ccalfbu@quantcast.com,g2NA1mDx5,15/2/2021
428,klebretonbv@princeton.edu,RWXBmFK2E6QY,21/11/2020
429,nsinottbw@about.me,2Q7AR82,16/6/2020
430,icopobx@businesswire.com,VBJI1l04,23/12/2020
431,vslimmingby@independent.co.uk,awKpZ9,7/4/2020
432,omignotbz@ibm.com,0DDal87xoax,8/9/2020
433,mgosslingc0@cpanel.net,WBaWnzlN2fF,6/4/2020
434,tludvigsenc1@tuttocitta.it,R7Tce0zs8yRt,8/10/2020
435,lthorndalec2@forbes.com,W3B3sMWP,15/11/2020
436,tcockrillc3@biglobe.ne.jp,bVFdnP7g,30/5/2020
437,rrubrac4@meetup.com,s3JRESbp,6/6/2020
438,dparringtonc5@msn.com,w2RdvK2M9,12/7/2020
439,gaizikovichc6@squidoo.com,SrpntaSVr,4/4/2020
440,ngrangec7@gmpg.org,Y7vQYkjWP,22/6/2020
441,nneathc8@techcrunch.com,r3BltKT9yco,1/7/2020
442,lblazevicc9@fda.gov,9KZk6k,19/10/2020
443,againsburghca@google.cn,I1OKOH,7/6/2020
444,funderwoodcb@intel.com,IvXI5bz1,14/4/2020
445,ctichelaarcc@qq.com,DZYHAWNpJw,30/5/2020
446,adumberellcd@jugem.jp,k8LDyqvi,4/10/2020
447,dfersonce@ovh.net,qqsSRVf,5/1/2021
448,kweymontcf@pagesperso-orange.fr,h9tjHMg,26/9/2020
449,kkeyworthcg@imdb.com,BES0AqsOjV,26/6/2020
450,klawrancech@spiegel.de,ZoLDgMq,11/1/2021
451,emaylorci@slate.com,Ml4k2mW,9/1/2021
452,ktealecj@jiathis.com,rSKmSHQeJWa,11/1/2021
453,fgiorginick@china.com.cn,KOtSDNAb,16/2/2021
454,cfrewcl@techcrunch.com,3sOWEssIQf,29/6/2020
455,lianinotticm@earthlink.net,tEWBvbj6XoTG,13/8/2020
456,aladymancn@jimdo.com,9EHN6S,31/12/2020
457,eprimettco@techcrunch.com,1BJreyz76V,25/10/2020
458,blesieurcp@moonfruit.com,inGbKdk8xuos,19/12/2020
459,ccreavancq@imdb.com,J4mceublZXGK,23/1/2021
460,pfistcr@so-net.ne.jp,KAe8icZGZ,14/3/2021
461,ctooncs@omniture.com,VqGeDa,18/7/2020
462,jdunckleyct@istockphoto.com,K3y0ZQkEoT,24/12/2020
463,dstyancu@amazon.com,ZsXYkDei,9/12/2020
464,mcauleycv@earthlink.net,ElR5ZQM,26/8/2020
465,ajacobowitscw@admin.ch,ALDTOHSQ,25/2/2021
466,kgrzelczykcx@people.com.cn,XAyXMPA7jTK,10/2/2021
467,gbirchenheadcy@bbb.org,788uUfKGK,9/8/2020
468,alaredcz@hp.com,FLlySxL,22/11/2020
469,mvobesd0@umn.edu,UrvBrO2km1K,9/6/2020
470,fcogmand1@multiply.com,HCcZwRox43,10/11/2020
471,mhamed2@hostgator.com,P1fQmH5p,13/5/2020
472,chaackd3@artisteer.com,LfxrZ5nxAROs,13/6/2020
473,kmogied4@ycombinator.com,FEyiA2ud2X,29/4/2020
474,rminihand5@mail.ru,6xRvV8LCy,30/7/2020
475,mdainesd6@imdb.com,aNPPV3biXQ,19/10/2020
476,jcratchleyd7@sourceforge.net,tjGnYllb2c4,17/12/2020
477,twinterburnd8@patch.com,nHMoh4negrz,29/9/2020
478,mprysd9@mediafire.com,XzZ3QBWkp,21/12/2020
479,sdeamerda@friendfeed.com,Cw5P5RYd6,10/6/2020
480,kpilmoordb@last.fm,xJtlEl50t,20/4/2020
481,cibertdc@google.de,nKDfbg,4/9/2020
482,gondrichdd@addthis.com,5Kp9q6V,30/4/2020
483,bcrollde@aboutads.info,EL8Tj0,3/11/2020
484,lcreadydf@un.org,syCVN1WmH,3/11/2020
485,kmccoledg@webs.com,JB2WULLDNEiX,3/9/2020
486,nogrowganedh@paginegialle.it,I88UuWX,20/1/2021
487,fwetterdi@amazonaws.com,PDvGXgGcu,3/8/2020
488,aabilowitzdj@cnn.com,jcTCXxCAzD9,28/8/2020
489,lhailydk@scientificamerican.com,cG047E9T1,30/4/2020
490,fduncombedl@oakley.com,dtpok3O7P,1/6/2020
491,bsilberschatzdm@google.co.uk,9xLyJ5,21/9/2020
492,fbrynsdn@ftc.gov,tYAP6Mcr13,20/4/2020
493,isoffedo@unblog.fr,TpzUc5OHdNeu,11/4/2020
494,mbardedp@parallels.com,k7PwyJu,15/3/2021
495,ijanewaydq@loc.gov,JZ48bu,4/1/2021
496,kheinekendr@irs.gov,cXhHVVke,3/5/2020
497,vbrammerds@com.com,aeUSmt8C2f,28/9/2020
498,dshrubbdt@ed.gov,HJnkF2uEx,8/7/2020
499,aelliffdu@cyberchimps.com,oYaJxXKkSs,23/4/2020
500,jeamesdv@zdnet.com,lANpxpX5ITG,2/5/2020
501,trizzottodw@addthis.com,UaJjGoRBfB,6/1/2021
502,civanuschkadx@jimdo.com,5Uku13Gp5,8/4/2020
503,jgalierody@hexun.com,pbNaA7DKsnD6,30/12/2020
504,lfawbertdz@ucla.edu,DVpGUzaF,13/1/2021
505,cdrinkalle0@myspace.com,1NZtBwUV,6/10/2020
506,asimonote1@1688.com,f5LTt7tFFDDk,6/6/2020
507,fgligorijevice2@ocn.ne.jp,7yeMGZGfHI,31/3/2020
508,zblakistone3@time.com,JoHeu8UJuHC,30/1/2021
509,zaishforde4@purevolume.com,50iUyo,9/6/2020
510,flefriece5@ox.ac.uk,J1ddATRjIswj,6/2/2021
511,jfritchee6@newyorker.com,nrEBHqExE,20/7/2020
512,tdooneye7@senate.gov,Xqq1EtT,18/9/2020
513,adefilippie8@quantcast.com,zhbSWhld7hm,27/5/2020
514,gdillistonee9@amazon.de,QbphYC9UW9,7/6/2020
515,ibunworthea@patch.com,faqpOsaIXB,19/12/2020
516,smarleyeb@slideshare.net,AAh6sQmDvsSd,14/10/2020
517,swynterec@economist.com,h40ObX,20/11/2020
518,bfarghered@i2i.jp,6gOoSin,3/2/2021
519,iragateee@omniture.com,OEnqWmr,18/11/2020
520,jchomleyef@baidu.com,NmzYIR2,4/8/2020
521,ohlavaceg@guardian.co.uk,DmZ43xo5uAa,7/12/2020
522,eglayshereh@360.cn,5byPF0d8n294,24/4/2020
523,apaskei@163.com,9ijHpL5ms,7/5/2020
524,cduganej@unesco.org,KNrRLbqPHVe,31/12/2020
525,djouhningek@wufoo.com,0s0qjF,24/4/2020
526,eocarneyel@pagesperso-orange.fr,PQeej9CIDXPB,29/7/2020
527,nhallattem@skyrock.com,xVonKiw7ncL,1/11/2020
528,rvanyen@t.co,Auv5oAi,15/5/2020
529,sscothorneo@soundcloud.com,9EQn5IiGafX,25/7/2020
530,aphalipep@people.com.cn,jbSBQ5,27/8/2020
531,hbibbeq@dion.ne.jp,GqCcII,13/11/2020
532,hficeer@oakley.com,gadKexytkR6,6/6/2020
533,kclandillones@desdev.cn,aLKI0O6e,4/1/2021
534,bgrinnellet@theglobeandmail.com,V4iMI1QIDE,20/2/2021
535,fabramzoneu@naver.com,JSi9SMzuqyXA,24/4/2020
536,spoatev@home.pl,jkTw4xf9,16/9/2020
537,twicherew@feedburner.com,3Je40Yuxr,2/6/2020
538,ndwellyex@bandcamp.com,70bVOqjlbzk,30/11/2020
539,lstaniforthey@issuu.com,jNgNJzmE4,15/12/2020
540,salltimesez@ftc.gov,Q6qJnqwQB,5/6/2020
541,ktolemachef0@mtv.com,ov8Ypxy,6/9/2020
542,khackletonf1@stumbleupon.com,ZVrWZIdoin,25/7/2020
543,knoonanf2@hud.gov,RTxaLDWHMr,8/8/2020
544,stattersdillf3@cmu.edu,9ubyvSEF4nT,13/6/2020
545,agarretf4@bizjournals.com,VGuaEa,11/12/2020
546,akeighlyf5@lulu.com,FS5dCtdz,9/2/2021
547,efluitf6@yahoo.co.jp,0hu8Uo9faI,5/5/2020
548,cseamarkf7@slashdot.org,LPVwYCgJCv,4/5/2020
549,cjaneczekf8@blogger.com,gd1ew2GJKiDb,23/5/2020
550,eraesidef9@accuweather.com,pAM6YLepRu5k,31/7/2020
551,pgudahyfa@amazon.com,i7pZOPE1x,1/4/2020
552,gbeardonfb@smugmug.com,h9v451RHzV,11/11/2020
553,mmaccathayfc@exblog.jp,Wv57RBeGx,22/5/2020
554,cgradyfd@nymag.com,KWroX8Tz8,14/12/2020
555,mpetrusfe@shop-pro.jp,6TVdLUV6Ln,20/7/2020
556,myablsleyff@live.com,yyeqBmuHiSup,6/11/2020
557,hlumoxfg@photobucket.com,X7RIq57Z1,27/7/2020
558,amacdougalfh@bing.com,Gkc8hsINa4w,20/2/2021
559,ofloreyfi@blinklist.com,4vobUT,1/11/2020
560,ccapelinfj@t-online.de,erYZ67Q,23/7/2020
561,dgrinstedfk@artisteer.com,rlVUDAqmJ7V,4/10/2020
562,rnorwellfl@posterous.com,ZxHz3Vab,3/5/2020
563,bstalmanfm@nih.gov,PXToLGeQ,3/2/2021
564,gyerrillfn@fc2.com,Xor4rse51mV,29/1/2021
565,crapierfo@samsung.com,g33wpUc,17/5/2020
566,kscogginfp@toplist.cz,n42Bn0gVMXQ4,25/8/2020
567,zzanardiifq@stumbleupon.com,e6C2Btjo3Q,8/8/2020
568,zmcpakefr@nifty.com,iyVf5P,15/4/2020
569,rshooterfs@google.ca,8abUTlApTduy,29/8/2020
570,abenedyktowiczft@jimdo.com,64H7VNWb,5/8/2020
571,cstoreyfu@tmall.com,eua8xIK,27/5/2020
572,psherlawfv@list-manage.com,pJtm1gR,15/8/2020
573,biannellofw@japanpost.jp,As7Yme,17/8/2020
574,ckemberfx@businesswire.com,Jy5jREtNb,5/11/2020
575,zbacchusfy@netscape.com,Tk3HOydMNQMc,26/10/2020
576,thalletfz@ning.com,4kF4M9xEZ,27/3/2020
577,nrallingsg0@comcast.net,V29K73x,13/8/2020
578,mredfordg1@goo.ne.jp,JTBKTcAJ,18/10/2020
579,pcaccavarig2@ask.com,kvMoMK,5/9/2020
580,sshimwallg3@over-blog.com,ADSVsF,21/1/2021
581,jjenningsg4@harvard.edu,6p5Hci,7/5/2020
582,mklemensiewiczg5@ucla.edu,e2pCwOl64,25/6/2020
583,rbendikg6@com.com,KuB8fxmC,21/6/2020
584,kjakewayg7@bloglines.com,tINdPYW,10/11/2020
585,epottingerg8@shinystat.com,oWDOkh,28/3/2020
586,gjacqueminotg9@apache.org,18XeTEYSXoS,18/5/2020
587,ctowardga@salon.com,SgU1u2zleti0,8/4/2020
588,cwinsomgb@cisco.com,tc4xpXSGfi,13/4/2020
589,jjulyangc@economist.com,A5HyoDmX,7/8/2020
590,alaslettgd@t.co,QRHcN0,24/6/2020
591,djoneyge@paginegialle.it,hlIBMvYHmm,28/9/2020
592,hdragongf@jugem.jp,7OwMTpnL,11/12/2020
593,chuntrissgg@vkontakte.ru,71b485R,12/3/2021
594,kbebbellgh@edublogs.org,LxTJ7H,12/5/2020
595,bivegi@qq.com,xQ0UJP2nZF,20/7/2020
596,lweavillgj@phoca.cz,P50lSMXlHvi,4/12/2020
597,olansleygk@cornell.edu,krY9dn2hLVz,25/11/2020
598,ccannawaygl@php.net,0KUYGry,21/6/2020
599,hbrunongm@histats.com,eU1yGmo,1/2/2021
600,dduddygn@ow.ly,MFTKsafXx,6/1/2021
601,bgosfordgo@miibeian.gov.cn,dNYbQtgbnba,23/8/2020
602,glistonegp@nytimes.com,BJ2fq5,24/6/2020
603,shampergq@sciencedaily.com,m4HsEaD,27/5/2020
604,sbeamontgr@twitpic.com,ZJSYMqnacVL,14/10/2020
605,rbaddoegs@odnoklassniki.ru,IuMFqdmsSDN0,26/9/2020
606,elohdengt@amazon.co.uk,gpdJDF9Kgw3Q,27/3/2020
607,lcrowcombegu@t.co,ay2lBTDbqzy,30/9/2020
608,klonghigv@ihg.com,TTaJgOz44H,7/11/2020
609,lwinterbournegw@skyrock.com,y7QD5yU,16/3/2021
610,csparygx@1688.com,SUy5A1CA,3/3/2021
611,sheggegy@columbia.edu,QI65v2SG,16/2/2021
612,vchristougz@nasa.gov,sS8PKAnP9H,7/12/2020
613,ereddingsh0@wsj.com,6KWTuyV6sZ,19/12/2020
614,pformbyh1@spiegel.de,HPccsG3FYSc,9/8/2020
615,fmehaffeyh2@auda.org.au,Zbqelskwxvk,6/4/2020
616,gmerrimanh3@cyberchimps.com,K56jDjg,12/5/2020
617,htalloeh4@cloudflare.com,qYxrkk8KJleE,15/1/2021
618,lepph5@tumblr.com,OnWhvZYH291e,29/4/2020
619,dbinfieldh6@wisc.edu,KuDJGse,5/7/2020
620,jpretioush7@bbc.co.uk,HCm3QDDmytt,25/11/2020
621,fellsh8@nytimes.com,oKAEjSqKkS,8/8/2020
622,aprovenh9@senate.gov,kCsYbK7Qzz,19/10/2020
623,amallamha@lycos.com,obuoDyaZm4n,25/12/2020
624,bannettshb@shutterfly.com,IponyYHyH0r,15/10/2020
625,oepilethc@umn.edu,gw06mX7a,2/8/2020
626,jgillebridehd@opensource.org,R7vz1Xl2Y,19/12/2020
627,gtiesmanhe@t-online.de,bj48dLXwj1W,2/6/2020
628,sseymarkhf@hud.gov,TCvicYa049Uo,21/4/2020
629,cwozencrofthg@hexun.com,79E5fO,19/11/2020
630,bthorsbyhh@pen.io,fDuRalbNd,8/3/2021
631,tgensavagehi@bloglines.com,dSxDloxZosRV,25/2/2021
632,nworsfoldhj@telegraph.co.uk,HQFGFVt,10/6/2020
633,bsarfatihk@drupal.org,HBzhGk,26/8/2020
634,zbestonhl@prnewswire.com,CXVlW0,14/11/2020
635,bswalteridgehm@lycos.com,wlgQluAfPCb,11/12/2020
636,mjeryhn@google.de,cidDRlnT8,19/5/2020
637,rdaileho@yahoo.com,f2MCe2qd1,2/5/2020
638,gbaxstarehp@vistaprint.com,bpXlivqrje6T,5/8/2020
639,emacilurickhq@techcrunch.com,5ca4qgPh,9/11/2020
640,gshutehr@jimdo.com,RmufWf,1/11/2020
641,ekilfederhs@theguardian.com,26HPU2,5/11/2020
642,fmillwaterht@ebay.co.uk,RvM2OD0Pn,20/11/2020
643,ebartholomewhu@1688.com,Qy4or8OKSS,17/10/2020
644,rmalyanhv@bloglines.com,NjE6gdkGS,4/2/2021
645,amcmurrughhw@bloglovin.com,QKXP2xuwU,2/6/2020
646,scullabinehx@weebly.com,VSDb1vbB,15/11/2020
647,wdoickhy@desdev.cn,kbjdEs,14/8/2020
648,pcassamhz@google.nl,7jL7YsQo6FrS,19/3/2021
649,ahukei0@army.mil,kV6DDsOwYZCS,1/11/2020
650,lrominovi1@sfgate.com,GdA2Vj,26/12/2020
651,gmabbitti2@washingtonpost.com,8XotgUVh,19/11/2020
652,ascocrofti3@a8.net,94KrK6Hw,25/1/2021
653,gladleyi4@naver.com,cWMK0QqiBoFR,17/9/2020
654,ckilbyi5@xinhuanet.com,vpsmOJH7WOg,19/12/2020
655,vkenani6@lulu.com,WAszkM,9/8/2020
656,lskilli7@so-net.ne.jp,lCAD3KH,3/8/2020
657,supstonei8@typepad.com,e8199leT,11/7/2020
658,lmckeandi9@vkontakte.ru,mE8NyIdAa3,11/11/2020
659,crozzieria@washington.edu,MLJ7ky,15/7/2020
660,sspiringib@phoca.cz,SPua3f0,1/11/2020
661,ncuerdaic@ucla.edu,wtfWRbtUd1,18/3/2021
662,cmcinteerid@desdev.cn,5bC9MMcSESS,6/2/2021
663,ksizzeyie@nytimes.com,YRVEYP93e,26/5/2020
664,gsarchif@buzzfeed.com,MghSTwUf,21/10/2020
665,jmaccrachenig@whitehouse.gov,Drk16n8z,10/8/2020
666,rnyssenih@tiny.cc,9sUWZv6Nc,8/7/2020
667,ldoftyii@tiny.cc,5hTDGnH,2/7/2020
668,rreussij@go.com,o1uT4vvN,15/1/2021
669,tmeadmoreik@dropbox.com,dE729GQkWvfS,13/1/2021
670,dkoppeil@uiuc.edu,3F4qNEjWGAu,13/4/2020
671,hhasseklim@example.com,WFHytL,11/6/2020
672,sgunstonin@edublogs.org,78hiMwqjK,15/4/2020
673,keamerio@va.gov,2OGaeQCv0,14/9/2020
674,gmarinerip@t-online.de,dXuApfwHtymw,20/12/2020
675,hfigguresiq@tiny.cc,xhfoCKneHQH1,20/8/2020
676,bclayworthir@state.tx.us,x8uhCN,25/8/2020
677,gpettifordis@disqus.com,ZMdJEq7,13/11/2020
678,jdrydaleit@artisteer.com,vW9DTZU,13/11/2020
679,mromeriu@dell.com,UvbA1WLJxUg,26/12/2020
680,aebanksiv@bing.com,7VBUWa0Un,21/7/2020
681,dcoppiw@cdc.gov,EdhIFT,9/9/2020
682,pcallingtonix@weebly.com,BBYiySZof,12/6/2020
683,jlefrankiy@sakura.ne.jp,LWZaJBaCL,21/6/2020
684,bmulvaghiz@indiegogo.com,61CJlFwETusX,20/7/2020
685,mfaltinj0@liveinternet.ru,FILZur,10/10/2020
686,mpoultonj1@sciencedirect.com,2OWy3yh,27/8/2020
687,taddekinj2@digg.com,LHuYmGJMDNiq,27/8/2020
688,mwaithj3@ebay.com,3sW1IbH1W,23/5/2020
689,dcleetonj4@ftc.gov,YAi8ot0rl0B,10/6/2020
690,bglamartj5@auda.org.au,gy5k8VKKlWi,19/12/2020
691,mharnorj6@biglobe.ne.jp,Nrv1Rt43BgcE,5/11/2020
692,kgrishmanovj7@opensource.org,LmGJb3z88,24/12/2020
693,clynamj8@youtube.com,FmrYwKjfXig,18/12/2020
694,fondricekj9@dagondesign.com,Xq04wwoMJ,10/12/2020
695,shaltja@jiathis.com,b4wCsn8a1,5/7/2020
696,cpuddephattjb@aboutads.info,EPlBFDolAF,11/3/2021
697,tkerswilljc@gnu.org,VoBrrm2mQX8R,30/10/2020
698,djunkinjd@w3.org,XKtLDa7JbGR9,5/9/2020
699,dchineryje@taobao.com,nmGDmSlprKk,17/11/2020
700,ngaddjf@addtoany.com,XRVuYLyYgfD,17/10/2020
701,aquantrelljg@elegantthemes.com,NYDsZf,30/1/2021
702,lhulkesjh@cnet.com,ouJOj0OJlz,19/1/2021
703,sphilpottji@google.it,UE6H8mRmOu,5/1/2021
704,jbasnettjj@blog.com,TA661K,11/7/2020
705,rheazeljk@deliciousdays.com,G8t6sG,16/3/2021
706,smakeswelljl@marketwatch.com,4UL9fM1Kav,7/2/2021
707,tvossgenjm@reverbnation.com,EpADnY,18/10/2020
708,ecaltunjn@sun.com,FQ6w07kXz,8/3/2021
709,estellinojo@sina.com.cn,VOhlfRMwya,9/7/2020
710,jmaccolljp@virginia.edu,In16cVcN,27/10/2020
711,hscurrjq@opera.com,FfGGA0xQ39zn,23/7/2020
712,ceddowjr@cafepress.com,XWIvWPVvRg,3/3/2021
713,rfuxmanjs@hao123.com,kUnF6cCG5r,3/4/2020
714,jverdenjt@ehow.com,jvHyOx2HVfI,13/11/2020
715,ehuglinju@booking.com,fhuWFUG,25/12/2020
716,mpesakjv@umich.edu,8YtQEI,16/8/2020
717,cpeardejw@csmonitor.com,rMJEhHk,12/7/2020
718,lhaszardjx@ca.gov,t3s3nuGGN9Q0,24/2/2021
719,debbsjy@spiegel.de,SxcUZqFOj,16/8/2020
720,asivejz@a8.net,5hrfWz,9/11/2020
721,csothamk0@nhs.uk,KLvsTJo,14/6/2020
722,obowickk1@netvibes.com,imfumxlHPmqJ,3/3/2021
723,rathowek2@squarespace.com,I1kzkveT,19/2/2021
724,erosek3@wikispaces.com,mhhgD6xG0Bxn,17/9/2020
725,graspk4@drupal.org,b0V4lw,4/11/2020
726,rmoremank5@technorati.com,PEWqh9Ql,26/4/2020
727,bdenisonk6@ca.gov,ER6onH,11/5/2020
728,chammertonk7@google.es,xdAmUdv1g,20/12/2020
729,wwhittockk8@cbslocal.com,YUI5irYn,3/8/2020
730,esymsonk9@networksolutions.com,qIVHPakibf,28/7/2020
731,bzannuttika@vistaprint.com,r1t8yX,20/6/2020
732,fsnookskb@theguardian.com,yYEAFZM8M,6/3/2021
733,ldominichellikc@wunderground.com,6d9HTKGb7lSA,30/8/2020
734,bshrubshallkd@sohu.com,LBkmL8b5rK8g,7/6/2020
735,cpleatke@ed.gov,DYsoyAJfa,14/8/2020
736,cgallacciokf@jalbum.net,I0ZMqx2,10/12/2020
737,kmillichapkg@google.nl,a1DtKSBzba7,19/1/2021
738,ifrithkh@weibo.com,sexNbqjN6,3/8/2020
739,jchomleyki@globo.com,fnLvGyziN36l,6/6/2020
740,srawcliffekj@e-recht24.de,JCsxS1VKruI,21/5/2020
741,ecosbeykk@google.com.hk,ZX63at3,24/3/2021
742,gredbornkl@geocities.jp,zbxzZtonz,13/1/2021
743,pesgatekm@hexun.com,teC75jEb,22/6/2020
744,niscowitzkn@sciencedaily.com,Qi26dZK,28/6/2020
745,jhastonko@imdb.com,Rnmt5ABlj6jf,5/9/2020
746,ktwellkp@intel.com,27XUPe,24/3/2021
747,tkennionkq@mlb.com,ji2xXtXi,20/8/2020
748,vstudkr@boston.com,bl1HW9cP1NZd,17/8/2020
749,ilegrandks@ycombinator.com,q3vCwaA0wQ,1/10/2020
750,acollyerkt@com.com,qDYm29g,17/8/2020
751,fromkeku@theguardian.com,Bu83FPUMt,2/5/2020
752,nsawfootkv@soup.io,7wwB5SXZ6xb,9/11/2020
753,lwestallkw@shinystat.com,jfHKACyXwYa,11/6/2020
754,ahellikeskx@weebly.com,IXec9w1csiyJ,30/12/2020
755,nhasseklky@indiegogo.com,Tr1VgFms1QR,26/1/2021
756,slingleykz@xrea.com,32QQSLHqEV,21/6/2020
757,kgepsonl0@4shared.com,rhRYBB,20/8/2020
758,egronauerl1@icio.us,wV3bgY8WkFyW,13/6/2020
759,bcromleyl2@hibu.com,cy59p2,30/4/2020
760,bpharol3@storify.com,YoCYv2xZ,9/10/2020
761,ahearll4@ed.gov,punFoj,14/6/2020
762,rfaulll5@forbes.com,7rsxWBvZU,5/10/2020
763,cloudianl6@moonfruit.com,vuknotW,31/3/2020
764,atolchardl7@unesco.org,ePBkwg6GfF,28/3/2020
765,scostarl8@wsj.com,ilKnjfPa,20/12/2020
766,kbarnfatherl9@msn.com,BtzUfuKUzT,11/7/2020
767,etregentla@altervista.org,bCqnsmha9Kd,4/9/2020
768,mmolyneauxlb@businessweek.com,C8eLBh8hL,10/2/2021
769,echilderslc@woothemes.com,knApRXYzo4,3/7/2020
770,tbeldersonld@themeforest.net,ZWspYiLC1MV,10/3/2021
771,shyronsle@businessinsider.com,nwadhfTfTbj,28/7/2020
772,wcutlerlf@thetimes.co.uk,2TuPvm7RJx5,14/11/2020
773,sschustllg@hao123.com,0byexKZjh4xq,26/6/2020
774,ctoftlh@adobe.com,UmISVxsS8,30/4/2020
775,cbeedhamli@mashable.com,8YUaNZY,13/4/2020
776,sgamwelllj@ed.gov,EqLYbGyAU,25/3/2020
777,ltwinbornelk@gravatar.com,pxXCBD6k6wul,15/6/2020
778,bjackll@virginia.edu,0EbrWs,31/12/2020
779,cgeraldlm@nbcnews.com,0VuZk2,29/10/2020
780,bscryneln@amazon.co.uk,QRNluk,12/11/2020
781,gpetrellilo@ow.ly,axW0bUD,25/11/2020
782,tgirogettilp@simplemachines.org,8H0mGU6AJ,25/11/2020
783,wbolandlq@java.com,FIaMg1kHolb,21/8/2020
784,acapronlr@dailymotion.com,DHLW5uwjyIJ,5/11/2020
785,scaudelierls@biblegateway.com,iX7JsDqwI5Z,11/9/2020
786,bowbricklt@skyrock.com,IdbNIOR,27/10/2020
787,descofierlu@wordpress.com,zfEJWDw,27/3/2020
788,hgristocklv@samsung.com,Be34CGWM,16/11/2020
789,psidwicklw@comcast.net,gQB8Gi5wg,11/4/2020
790,idaintylx@mlb.com,a1ypTg,13/10/2020
791,asimonninly@mlb.com,FpzoEDdiVx,5/6/2020
792,rbohanlz@slate.com,lIpfpMK,26/11/2020
793,stolussim0@cocolog-nifty.com,rkHbabG,5/3/2021
794,lstapelem1@google.co.uk,ULCiIt2YawO0,31/3/2020
795,aludlowm2@psu.edu,UZlfASzu,25/2/2021
796,cwellsmanm3@weebly.com,11yelipqO,10/5/2020
797,vhouldm4@cnbc.com,m5HdjrOCok,22/2/2021
798,wisaaksohnm5@amazon.co.uk,KbnSDpgsL,23/1/2021
799,mmacilurickm6@techcrunch.com,XLrHvuqJ,3/5/2020
800,ebowdlerm7@nifty.com,kTdl5C,3/9/2020
801,vhanksm8@merriam-webster.com,syhy4r7tX,7/1/2021
802,tcarhartm9@economist.com,g0e2XEE,19/2/2021
803,jgladmanma@opensource.org,7eO8mraBmy,16/12/2020
804,tcowpermb@baidu.com,9PRQWVw4DC0,29/8/2020
805,ckolesmc@jiathis.com,BqZQV2Kv5H5,5/6/2020
806,edowsmd@feedburner.com,NahHeSvFaOOm,28/2/2021
807,mbodicamme@quantcast.com,JNFdBCxdc,25/1/2021
808,bbeatonmf@nyu.edu,tdCn7qq1mcez,25/8/2020
809,scutmeremg@soundcloud.com,TVFp8wt,28/1/2021
810,ggottmh@auda.org.au,S5Lpjq09,4/3/2021
811,rpadillami@mit.edu,0ZcaPcBb67fO,25/6/2020
812,msherreardmj@microsoft.com,gFrh4P6i65,12/12/2020
813,bvowelsmk@icq.com,CpAU6roZLN,26/11/2020
814,kgreguolml@wikia.com,Fep0KL,18/12/2020
815,bfordermm@ycombinator.com,rfkubb,20/3/2021
816,wchatelmn@angelfire.com,yUntwozaolgo,28/8/2020
817,rjellymanmo@example.com,6NJlbwYY,5/7/2020
818,tsommertonmp@theguardian.com,wq0wPB,7/3/2021
819,kverneymq@chicagotribune.com,Rk2TzfpnDs,8/7/2020
820,tdowellmr@hexun.com,bC9DSy,25/10/2020
821,gheinms@dagondesign.com,8nQWdGJZ,7/6/2020
822,aramsdalemt@cdc.gov,J5kB2fF3U,20/11/2020
823,rfenkelmu@sakura.ne.jp,AH4Bv1EFMuP,25/10/2020
824,adasparmv@nationalgeographic.com,AvPXJidD4,26/7/2020
825,ntregianmw@surveymonkey.com,xFYZUsW,12/1/2021
826,tperlmx@wiley.com,cx4sPuDk1R,11/9/2020
827,apardimy@discovery.com,UIwGGN,22/6/2020
828,apetroumz@earthlink.net,UE9Z2P7JPOUg,19/6/2020
829,ehailstonn0@washington.edu,Hhot74Y,27/8/2020
830,ehubachn1@engadget.com,vfFcg7Bm5WZq,28/7/2020
831,mtrankn2@qq.com,ZqdqrGp5,2/1/2021
832,atynewelln3@freewebs.com,Xgxhhc4F6,26/12/2020
833,asambrookn4@msn.com,mD02VImx,23/7/2020
834,ndraycottn5@jimdo.com,g8D53Eg,16/12/2020
835,cmccannn6@un.org,VYAQcuzPh,24/4/2020
836,ballderidgen7@samsung.com,0K5aHZX1,27/7/2020
837,jdustn8@addthis.com,wCDZzjJ,28/9/2020
838,rstillingn9@opera.com,TJ1Lu9HR9w,15/3/2021
839,mduffynna@independent.co.uk,zM4UzE,28/8/2020
840,nblaxleynb@cisco.com,zd946k0K,16/5/2020
841,lvandendaelnc@ask.com,ttpDl8,27/9/2020
842,jklossernd@homestead.com,RHzOHcbiVvD,24/12/2020
843,dlimpkinne@naver.com,6HB3Sr0,27/6/2020
844,gellicknf@cyberchimps.com,Mro5i2,28/4/2020
845,yanespieng@paypal.com,LCa38pK,31/7/2020
846,estearleynh@nbcnews.com,pqy9GFxMKr,22/1/2021
847,rmatskevichni@go.com,qv5NwY,26/7/2020
848,npetrollinj@hexun.com,weCbDCJ9Sy3g,21/10/2020
849,vjosefssonnk@nydailynews.com,XmWRmSszPbz,7/12/2020
850,jeakleenl@ibm.com,yv0PHPGWBi,8/1/2021
851,olambillionnm@wordpress.com,toOIlY2JrH1,22/1/2021
852,mespadasnn@sohu.com,ZlfJXXu9,9/12/2020
853,jkaineno@ted.com,DZuGoqJO,25/6/2020
854,mbernetnp@uiuc.edu,55UfzON,9/3/2021
855,bcorrienq@java.com,a60qXOOwZI9Q,26/10/2020
856,spowersnr@google.com.br,iaNm0Hh,15/3/2021
857,wrathmellns@google.com,c7zOEMr,27/5/2020
858,kbosworthnt@timesonline.co.uk,u9VtxQgIf,20/4/2020
859,wpardeynu@nifty.com,oJvdNGZHPuO,18/9/2020
860,dsansburynv@hibu.com,BDVuQv8NZJk,24/4/2020
861,ipappsnw@tmall.com,Mm5Elaf,12/2/2021
862,dheadingnx@sphinn.com,dYRB692iU,3/3/2021
863,amcmorranny@businesswire.com,JZLnK8PCjPvL,6/10/2020
864,hlasseynz@networkadvertising.org,PvB6KTbBGa,4/6/2020
865,zantunezo0@naver.com,5JcSTrPC,26/11/2020
866,btarbardo1@jalbum.net,KBFNnJTN,17/12/2020
867,haleshkovo2@spotify.com,9bEEcl5m3uk,23/7/2020
868,lvictoryo3@theglobeandmail.com,GltaW0e6O,5/7/2020
869,thinricho4@yahoo.co.jp,1nKd6ABjML,20/8/2020
870,gwallso5@feedburner.com,CWEoIh3k5,26/11/2020
871,bjarmaino6@list-manage.com,HS8DUedL5oF,12/3/2021
872,lmappo7@indiegogo.com,2nq7vbF,24/12/2020
873,amatuskiewiczo8@cbslocal.com,7UxWZ3,18/5/2020
874,ecullino9@eepurl.com,YZ66la,14/6/2020
875,awestmancoatoa@amazonaws.com,Sz61VulHj7,28/1/2021
876,rparisob@google.nl,E5v8NrR,15/11/2020
877,vitscovitzoc@blinklist.com,QkEQx5Q5PkB6,11/9/2020
878,cschnitterod@washingtonpost.com,IXgcA4v,10/5/2020
879,rfenckoe@123-reg.co.uk,Q6X1oJg,5/3/2021
880,lcomettoiof@sphinn.com,fPxwCIs8K9h9,27/10/2020
881,rblakistonog@usatoday.com,YeWYyfSUOr,19/7/2020
882,klewteyoh@creativecommons.org,edLjKws8L,10/10/2020
883,llarkinsoi@cargocollective.com,a6aX25gZ0SAF,10/12/2020
884,bdibbsoj@dailymotion.com,DLXuWGFemK,15/6/2020
885,schantok@techcrunch.com,qzmCqCv,19/12/2020
886,tkenwoodol@networksolutions.com,e3laRPKX8YH,3/2/2021
887,alucyom@gov.uk,s0PmYoGlG,12/2/2021
888,jkenraton@rambler.ru,PBHT1xAYeJ8,10/4/2020
889,shegeloo@fastcompany.com,8jnWjUFJZ,4/1/2021
890,fcrossfieldop@webeden.co.uk,TFXtEMo408,12/2/2021
891,lleasonoq@oakley.com,T9BEiXjl,23/1/2021
892,ytidmanor@buzzfeed.com,0XtN0kYZvU,24/10/2020
893,grussellos@blog.com,XaGj6OsCOegw,31/8/2020
894,pkastelot@webnode.com,hxe9fN0,7/7/2020
895,csouthcoatou@quantcast.com,eptPjNz,20/6/2020
896,dolyfatov@stumbleupon.com,GKrM6HrBGi,6/11/2020
897,fwastallow@e-recht24.de,C5CzFrjSEiH,30/8/2020
898,gcottyox@seesaa.net,SQJO0HZ0VmZq,24/5/2020
899,hjaanoy@un.org,RhfKPi,11/1/2021
900,mmellonoz@wsj.com,h0zexV5h,28/9/2020
901,crodbournep0@earthlink.net,wmqJOfA,21/2/2021
902,mfewlassp1@statcounter.com,HmnBeMh,16/12/2020
903,gcopnerp2@blogs.com,u5Mf5Lgj7,13/12/2020
904,kdeliasp3@plala.or.jp,NAuMSwpdh,17/3/2021
905,mtarverp4@nasa.gov,qS7tbSo7,12/5/2020
906,rmineghellip5@opensource.org,wqovbaH,4/10/2020
907,wmedcalfep6@bluehost.com,bifJYqNMs,10/9/2020
908,bhadyep7@illinois.edu,f0GHclON8,5/10/2020
909,cpauleaup8@nba.com,lo1hU9dMIM,12/1/2021
910,mmcduffyp9@digg.com,kb2Li4vsFY9,7/7/2020
911,aapplepa@prnewswire.com,50MzishRGE,27/4/2020
912,jcosgrypb@dedecms.com,VvNkm3,12/12/2020
913,mvotierpc@about.com,VZHEfGpkZHfo,11/6/2020
914,sworttpd@columbia.edu,5jQlyBsrsJ,21/3/2021
915,cmicklewiczpe@abc.net.au,lGkkHiX,26/10/2020
916,trivalantpf@merriam-webster.com,6AyoUE,26/5/2020
917,kkybertpg@marriott.com,cbAH9NEHkP,11/8/2020
918,ibeckeph@diigo.com,39YwMX6,18/11/2020
919,wlauridsenpi@slideshare.net,EEeE9NOS,13/5/2020
920,zlifepj@jugem.jp,P4pzUts,6/7/2020
921,mdenormanvillepk@blogs.com,1uD8tKMscD,28/4/2020
922,tcaldecotpl@biglobe.ne.jp,DSlhQc,13/4/2020
923,lmcaughtriepm@mtv.com,mHopM2B,10/2/2021
924,mcloypn@g.co,jtSNzQ,6/6/2020
925,mlegatpo@forbes.com,nMG7oAsb0Gc7,20/8/2020
926,vweldonpp@ebay.co.uk,r5hk2xEy,28/7/2020
927,sdenacamppq@mac.com,jsvoG7,12/5/2020
928,elightbownepr@usa.gov,tU5P0W5uBHLl,27/9/2020
929,aconechieps@buzzfeed.com,JZR9rQv6Vp,2/9/2020
930,dpallentpt@mayoclinic.com,MsKO7nsCg,18/1/2021
931,dstendallpu@cornell.edu,ecJury,9/2/2021
932,cwhymarkpv@fotki.com,ribtUNeneZ,1/2/2021
933,ibarokpw@icq.com,AeYmnlS,20/2/2021
934,wruncimanpx@eepurl.com,tlmTjN,30/8/2020
935,kgynnepy@ow.ly,Y63KOiZR,19/4/2020
936,vgeverpz@deliciousdays.com,6Blp73VJ4o4,30/12/2020
937,mcantyq0@shutterfly.com,XbZmSImGqjGr,8/7/2020
938,jnevetq1@simplemachines.org,7L8ONO1,14/3/2021
939,ahorrellq2@feedburner.com,zbkRWyK,29/3/2020
940,klambethq3@auda.org.au,IObWuwz,26/9/2020
941,tcarmichaelq4@seesaa.net,95vMI0Toj86R,26/9/2020
942,ochalfantq5@zimbio.com,cA4cKDdY5gdi,22/6/2020
943,hvandenbroekq6@dagondesign.com,MEmoMTVUO,10/11/2020
944,gnovotniq7@spiegel.de,a0Iwc3B4ZhD,24/2/2021
945,seratq8@purevolume.com,AqNSUJOa8q,6/7/2020
946,mmonkq9@wired.com,T2XaK2bUl3,17/5/2020
947,djuorioqa@arizona.edu,tnBzKGu,29/1/2021
948,nbinningqb@pcworld.com,Lm7iNCy973,21/6/2020
949,dcarwardineqc@behance.net,GBBsrPGh9x,4/1/2021
950,roffellqd@msu.edu,GJiHvpfk3O,17/3/2021
951,sgoodhayqe@oracle.com,Ixmnc0eOK7e,25/8/2020
952,nnickollsqf@istockphoto.com,HdAdEbp1bKm4,2/12/2020
953,acraxfordqg@ted.com,88FxlR,2/6/2020
954,vbasketterqh@facebook.com,6salUkruZZZy,11/11/2020
955,mholywellqi@ft.com,JVv8CYLuPb,9/12/2020
956,gpannerqj@hao123.com,eS1hZ6N09n,5/6/2020
957,mlittlechildqk@youtu.be,AvIolM,19/11/2020
958,skeeseql@cyberchimps.com,x1fkcaxnO8yR,27/11/2020
959,ecomettoqm@cbsnews.com,AKEu9jRK,2/2/2021
960,kroycroftqn@cam.ac.uk,Y0au9R,6/12/2020
961,bkinderqo@google.com.hk,zXdZANeo,18/11/2020
962,slubertiqp@hugedomains.com,mhfSmO,29/12/2020
963,mdourisqq@yellowbook.com,xq2ADAwVh2nz,9/8/2020
964,dmeneoqr@theatlantic.com,hypN3YPs,11/5/2020
965,tsimanekqs@hatena.ne.jp,3JKbcP,17/5/2020
966,cwhitebreadqt@ovh.net,rHBoXXW,30/3/2020
967,dcollickqu@google.com.hk,TJnMkzKysC,8/12/2020
968,hjesticoqv@apple.com,aofLn3,23/1/2021
969,ssilmanqw@technorati.com,FJWDoW5F9PAM,4/1/2021
970,rpieleqx@java.com,CuTg0Ga5i74,15/4/2020
971,zdowqy@mapy.cz,2ftJcttoNwt,25/12/2020
972,ndelayglesiaqz@gnu.org,mE3tT1DZro,8/3/2021
973,hflecknessr0@vistaprint.com,2Vu71Sc3,11/6/2020
974,cbellisr1@smugmug.com,SmSUTfo0LM,1/8/2020
975,jmattiaccir2@elegantthemes.com,t7x37Qif,29/4/2020
976,tkistingr3@creativecommons.org,sNXTk6,9/7/2020
977,rdittyr4@last.fm,Fyamei,2/11/2020
978,mdommerquer5@woothemes.com,eNNYxwStn,20/5/2020
979,rtiffanyr6@domainmarket.com,xrKwyMVzKv0,21/3/2021
980,egoldesr7@de.vu,RsL2h4lapZH,21/4/2020
981,ccaserr8@blogtalkradio.com,zwGzLl2k,23/3/2021
982,cwattersr9@time.com,OU3LhQNbx6Ch,29/3/2020
983,tbartelsellisra@google.com,EiJbiLg2gGvx,4/2/2021
984,bguineryrb@ocn.ne.jp,ulc4mqF,29/8/2020
985,amccarrickrc@stanford.edu,vWwJjaWuLgtG,15/1/2021
986,takredrd@slideshare.net,cCtGg0n,27/7/2020
987,zraulinre@mozilla.org,7hUjyb,21/1/2021
988,dsiggensrf@nytimes.com,OJWROQTHMFXY,30/1/2021
989,mrawnerg@noaa.gov,AKo0gJAKtzWX,3/11/2020
990,fslanerh@opera.com,9cFQEfLvG7Z,15/11/2020
991,ecroydenri@google.com.hk,NGaNL8GJSofc,8/3/2021
992,sweddeburnrj@amazon.co.uk,wBKTFg,31/10/2020
993,kginleyrk@xrea.com,ap0Pmb4,13/4/2020
994,smcnishrl@cbslocal.com,BWzDBtKDk,20/9/2020
995,cgarshorerm@barnesandnoble.com,vThR5h8RN,17/1/2021
996,efockesrn@symantec.com,AeSvy0H3aV,5/4/2020
997,aphilipponro@123-reg.co.uk,PKI1FoZvOa,28/5/2020
998,sdominyrp@phoca.cz,uSNNIwZMVXNR,21/4/2020
999,jpridenrq@webnode.com,YoPB9Rosaw,9/6/2020
1000,cpavelrr@mac.com,ygpzwruDvIF,25/5/2020
